CodeActionBench	2609.33807	CodeActionBench: Evaluating Agentic Code-as-Policy for Embodied Manipulation
EmboCoach-Bench	2601.21570	From Digital to Physical: Digital Agents as Autonomous Coaches for Physical Intelligence
EmbodiedSWE	2609.27308	EmbodiedSWE: Coding Agents for Long Horizon Dexterous Robotics
Frontier VLM Agents Study	2610.00854	Are Frontier VLM Agents Ready to Be Robot Generalists? An Empirical Study with the Embodied Agent Arena
LIBERO-Agent	2609.39507	LIBERO-Agent: Evaluating General-Purpose Agents for Direct Embodied Manipulation
MLLM Drone Agents Eval	2609.01404	Evaluating Multimodal LLMs as Generalist Vision-Language-Action Agents for Drone Control: Commanding, Approaching, Tracking and Searching
Orchestration Study	2606.10267	What Matters in Orchestrating Robot Policies: A Systematic Study of Hierarchical VLA Agents
RLE-Bench	2609.34210	RLE-Bench: A Qualifying Exam for Coding Agents as Robot Learning Engineers
RobotWorld	2610.10409	RobotWorld: Benchmarking Multimodal Agents for Robot Use Across Diverse Tasks and Embodiments
Video2World	2610.04432	Video2World: Benchmarking Coding Agents for Interactive World Modeling from Embodied Videos
