c11605	2511.17225	TP-MDDN: Task-Preferenced Multi-Demand-Driven Navigation with Autonomous Decision-Making	/home/chang/Documents/Agentic_Embodiment/Awesome-Agentic-Embodiment/work/text/2511.17225.txt
c00604	2511.20330	ArtiBench and ArtiBrain: Benchmarking Generalizable Vision-Language Articulated Object Manipulation	/home/chang/Documents/Agentic_Embodiment/Awesome-Agentic-Embodiment/work/text/2511.20330.txt
c05969	2512.21293	Quadrupped-Legged Robot Movement Plan Generation using Large Language Model	/home/chang/Documents/Agentic_Embodiment/Awesome-Agentic-Embodiment/work/text/2512.21293.txt
c04095	2511.22364	BINDER: Instantly Adaptive Mobile Manipulation with Open-Vocabulary Commands	/home/chang/Documents/Agentic_Embodiment/Awesome-Agentic-Embodiment/work/text/2511.22364.txt
c02933	2512.00797	Transforming Monolithic Foundation Models into Embodied Multi-Agent Architectures for Human-Robot Collaboration	/home/chang/Documents/Agentic_Embodiment/Awesome-Agentic-Embodiment/work/text/2512.00797.txt
c10336	2512.02458	Vision to Geometry: 3D Spatial Memory for Sequential Embodied MLLM Reasoning and Exploration	/home/chang/Documents/Agentic_Embodiment/Awesome-Agentic-Embodiment/work/text/2512.02458.txt
c06194	2512.08145	Chat with UAV – human-UAV interaction based on large language models	/home/chang/Documents/Agentic_Embodiment/Awesome-Agentic-Embodiment/work/text/2512.08145.txt
c05595	2512.08188	Embodied Tree of Thoughts: Deliberate Manipulation Planning With Embodied World Model	/home/chang/Documents/Agentic_Embodiment/Awesome-Agentic-Embodiment/work/text/2512.08188.txt
c00760	2512.09310	Scene-agnostic Hierarchical Bimanual Task Planning via Visual Affordance Reasoning	/home/chang/Documents/Agentic_Embodiment/Awesome-Agentic-Embodiment/work/text/2512.09310.txt
c03345	2512.10605	LEO-RobotAgent: A General-purpose Robotic Agent for Language-driven Embodied Operator	/home/chang/Documents/Agentic_Embodiment/Awesome-Agentic-Embodiment/work/text/2512.10605.txt
