RoboTwin 2.0	2506.18088	RoboTwin 2.0: A Scalable Data Generator and Benchmark with Strong Domain Randomization for Robust Bimanual Robotic Manipulation	/home/chang/Documents/Agentic_Embodiment/Awesome-Agentic-Embodiment/work/text/2506.18088.txt
VLABench	2412.18194	VLABench: A Large-Scale Benchmark for Language-Conditioned Robotics Manipulation with Long-Horizon Reasoning Tasks	/home/chang/Documents/Agentic_Embodiment/Awesome-Agentic-Embodiment/work/text/2412.18194.txt
Eureka	2310.12931	Eureka: Human-Level Reward Design via Coding Large Language Models	/home/chang/Documents/Agentic_Embodiment/Awesome-Agentic-Embodiment/work/text/2310.12931.txt
Contextual Safety Reasoning	2602.19983	Contextual Safety Reasoning and Grounding for Open-World Robots	/home/chang/Documents/Agentic_Embodiment/Awesome-Agentic-Embodiment/work/text/2602.19983.txt
LRLL	2406.18746	Lifelong Robot Library Learning: Bootstrapping Composable and Generalizable Skills for Embodied Control with Language Models	/home/chang/Documents/Agentic_Embodiment/Awesome-Agentic-Embodiment/work/text/2406.18746.txt
OpenRUA	2610.02459	OpenRUA: Robot-Use Agents Are Zero-Shot Visuomotor Policies	/home/chang/Documents/Agentic_Embodiment/Awesome-Agentic-Embodiment/work/text/2610.02459.txt
RDA	2606.01672	RDA: Reward Design Agent for Reinforcement Learning	/home/chang/Documents/Agentic_Embodiment/Awesome-Agentic-Embodiment/work/text/2606.01672.txt
RoboFAC	2505.12224	RoboFAC: A Comprehensive Framework for Robotic Failure Analysis and Correction	/home/chang/Documents/Agentic_Embodiment/Awesome-Agentic-Embodiment/work/text/2505.12224.txt
CodeActionBench	2609.33807	CodeActionBench: Evaluating Agentic Code-as-Policy for Embodied Manipulation	/home/chang/Documents/Agentic_Embodiment/Awesome-Agentic-Embodiment/work/text/2609.33807.txt
LM-Nav	2207.04429	LM-Nav: Robotic Navigation with Large Pre-Trained Models of Language, Vision, and Action	/home/chang/Documents/Agentic_Embodiment/Awesome-Agentic-Embodiment/work/text/2207.04429.txt
